CHUNK_PRODUCTO,PREGUNTA,ES_ABIERTA,RESPUESTA
sikaflex 221 blanco x 600 ml de la marca sika del area de pinturas para los productos para resanar de la linea preparacion de superficies de procedencia nacional al precio de 58.0 soles,,,
maceta cuadr piedra 30x30x30cm con sist. riego - tau de la marca reyplast del area de jardin para los deco jardin de la linea macetas de procedencia nacional al precio de 10.0 soles,,,
cuchilla plastica econo de la marca home tools del area de herramientas para los herramientas de mano de la linea alicates y herramientas de corte de procedencia nacional al precio de 5.9 soles,,,
coladera redonda abs con rejilla cromada abs de la marca coflex del area de gasfiteria para los accesorios de gasfiteria de la linea registros y sumideros de procedencia nacional al precio de 2.9 soles,,,
guirnalda de pompones blancos 1.8m c.natural de la marca orange del area de tendencias para los navidad de la linea adornos y decorativos de procedencia importado al precio de 19.9 soles,,,
lavavajilla pasta manzana 800 gr de la marca sapolio del area de limpieza para los limpiadores y desinfectantes de la linea lavavajillas de procedencia nacional al precio de 6.0 soles,,,
lámpara solar z cold white 1x0.06w de la marca eglo del area de iluminacion para los iluminacion decorativa de la linea lamparas de pie de procedencia nacional al precio de 279.0 soles,,,
piso marmolizado grecia hueso 45x45 2.23m2 de la marca celima del area de pisos y revestimientos para los pisos marmolizados de la linea ceramicos marmolizados de procedencia nacional al precio de 20.0 soles,,,
cocina de pie cmp6012ag1 60cm de la marca mabe del area de electro hogar para los linea blanca de la linea cocinas de pie de procedencia nacional al precio de 919.0 soles,,,
"super gloss negro 1gl de la marca cpp del area de pinturas para los esmaltes, barnices y solventes de la linea esmaltes y oleos de procedencia nacional al precio de 79.9 soles",,,
manguera para vibrador de la marca kaili del area de herramientas para los accesorios para herramientas electricas de la linea accesorios de herramientas de procedencia nacional al precio de 493.9 soles,,,
"pta metalica insul 2,50 x 3.7 m - bl machihem de la marca easy del area de ferreteria para los herrajeria de la linea equipos apertura portones de procedencia nacional al precio de 3150.0 soles",,,
i&o-collage 35x35 cm textura 2 de la marca orange del area de organizacion y decoracion para los decorativos de la linea decopared de procedencia importado al precio de 10.0 soles,,,
stanley dad hexa 21mm encst 1/2´  4-88-743 de la marca stanley del area de herramientas para los herramientas de mano de la linea dados y ratchets de procedencia importado al precio de 16.9 soles,,,
cable robacorriente 600amp 6.00mts de la marca goodyear del area de herramientas para los automotriz de la linea accesorios y prod. de seguridad para el automovil de procedencia importado al precio de 159.0 soles,,,
"codo 90° 1 1/2"" agua fría sin rosca de la marca nicoll del area de gasfiteria para los tubos y conexiones de la linea acces y conec pvc sp de procedencia nacional al precio de 7.5 soles",,,
pack bricks conti ( 3unid) 15x7.5 de la marca kantu del area de pisos y revestimientos para los decorados de la linea listelos de procedencia nacional al precio de 10.8 soles,,,
casillero lp1-04 -porta candado de la marca maletek del area de organizacion y decoracion para los repisas y estanterias de la linea estanterias de procedencia nacional al precio de 1199.0 soles,,,
roller blackout buono beige 200x220 cm de la marca sm del area de organizacion y decoracion para los persianas y cortinas de la linea rollers de procedencia importado al precio de 194.9 soles,,,
"jgo de cucharas 3 pzs amazonas blis de la marca tramontina del area de cocina para los menaje de la linea utensilios, cuchillos,cubiertos y reposteria de procedencia nacional al precio de 18.9 soles",,,
"toma transición (roscah) 25mm-3/4"" ppr-c de la marca firat del area de gasfiteria para los tubos y conexiones de la linea acces y conec tricapa de procedencia nacional al precio de 19.8 soles",,,
"tornillo sb autoavellanante #6x1"" pf 500 de la marca eternit del area de ferreteria para los productos de fijacion de la linea fijaciones p/ drywal-percep de procedencia nacional al precio de 18.3 soles",,,
sierra ingleteadora 120v sin bat dhs790ab de la marca dewalt del area de herramientas para los herramientas electricas portatiles de la linea sierras caladoras y circulares de procedencia nacional al precio de 4199.0 soles,,,
sh. intensivo cascos 300ml motobien de la marca simoniz del area de herramientas para los automotriz de la linea limpieza y aditivos de procedencia nacional al precio de 1.0 soles,,,
cable awg -tw 4 cpt de la marca pdic del area de electricidad para los cables de la linea conductores electric 1 de procedencia nacional al precio de 13.8 soles,,,
velador infantil flex de la marca orange del area de muebles para los dormitorios de la linea veladores rta de procedencia importado al precio de 49.9 soles,,,
centro de entretenimiento buzios jatoba de la marca caemmun del area de muebles para los audio y video de la linea centros de entretenimiento de procedencia importado al precio de 489.0 soles,,,
raticida pellets bts x 50 grs de la marca sm del area de jardin para los fertilizantes e insecticidas de la linea insecticidas domesticos de procedencia nacional al precio de 11.4 soles,,,
"bryant terma a gas 5,5 glp blanco de la marca bryant del area de baños para los termas y calentadores de la linea calentadores a gas -glp de procedencia nacional al precio de 499.0 soles",,,
tornillo autoper ave c.ph 3.5x13mm para acero x30uu de la marca sm del area de ferreteria para los productos de fijacion de la linea tornillos para metal-percep de procedencia importado al precio de 1.9 soles,,,
dormitorio super star queen acero de la marca paraiso del area de muebles para los dormitorios de la linea camas y auxiliares de dormitorio de procedencia nacional al precio de 1978.0 soles,,,
supermate antibacterial nuevo champagne 1 gl de la marca vencedor del area de pinturas para los pinturas al latex de la linea latex premium de procedencia nacional al precio de 96.0 soles,,,
gabinete duna de la marca tuhome del area de baños para los muebles de baño de la linea gabinetes de baño de procedencia nacional al precio de 610.0 soles,,,
plato de fondo vidrio dorado 27cm cuentos de oro de la marca orange del area de tendencias para los navidad de la linea menaje navidad de procedencia importado al precio de 39.9 soles,,,
"llave ajustable cromada 10"" de la marca bahco del area de herramientas para los herramientas de mano de la linea llaves de procedencia nacional al precio de 188.9 soles",,,
matix - interruptor simple champagne de la marca bticino del area de electricidad para los interruptores y tomacorrientes de la linea placas armadas de procedencia nacional al precio de 1.0 soles,,,
"disc abras pulidores gr 180, 280 easy lock de la marca dremel del area de herramientas para los accesorios para herramientas electricas de la linea accesorios de herramientas de procedencia nacional al precio de 25.2 soles",,,
vela perfumada neda 110g coco de la marca sm del area de tendencias para los productos check out de la linea productos check out de procedencia importado al precio de 12.9 soles,,,
flotador sillón con techo 175x94x40cm de la marca bestway del area de jardin para los productos para piscinas de la linea flotadores y accesorios de procedencia nacional al precio de 149.9 soles,,,
decor borde cuad 10m al brill de la marca kantu del area de pisos y revestimientos para los cortadoras y accesorios de la linea cubrejuntas de procedencia nacional al precio de 44.9 soles,,,
i&o-luz de emergencia led para auto de la marca werken del area de herramientas para los automotriz de la linea accesorios y prod. de seguridad para el automovil de procedencia importado al precio de 1.0 soles,,,
trabajos especiales grass sintetico de la marca sm del area de servicios para los servicios tienda de la linea servicios instalacion - tienda de procedencia nacional al precio de 13.0 soles,,,
rotomart sds-plus 24 mm 780w rev hr2470 de la marca makita del area de herramientas para los proyecto showroom de la linea rotomartillos showroom de procedencia nacional al precio de 926.0 soles,,,
uhu pegamento de montaje heavy duty adhesive 100ml de la marca uhu del area de pinturas para los pegamentos y adhesivos de la linea pegamentos y masillas de procedencia nacional al precio de 27.2 soles,,,
nutri plant liquido 1 l de la marca sm del area de jardin para los fertilizantes e insecticidas de la linea fertilizantes de procedencia nacional al precio de 24.3 soles,,,
candelabro cristal con burbujas 20cm violeta de la marca atmosphera del area de tendencias para los colecciones de la linea decoracion de procedencia importado al precio de 49.9 soles,,,
combo puerta venti hdf 85   marco  3bis  kit inst de la marca ares del area de ferreteria para los puertas de interior de la linea combos puertas / marcos de procedencia nacional al precio de 264.9 soles,,,
medidor laser 80mt glm 80 de la marca bosch del area de herramientas para los herramientas electricas inalambricas de la linea herramientas de medicion laser de procedencia nacional al precio de 819.0 soles,,,
vaso alhambra de la marca orange del area de baños para los organizacion de baño de la linea sets sobrepuestos de procedencia importado al precio de 1.0 soles,,,
"pta metalica insul 2,50 x 6,7 m - bl canal cent de la marca easy del area de ferreteria para los herrajeria de la linea equipos apertura portones de procedencia nacional al precio de 5670.0 soles",,,
zocalo emperador brown 7.5x60 de la marca san lorenzo del area de pisos y revestimientos para los decorados de la linea zocalos de procedencia nacional al precio de 0.5 soles,,,
cooler yeti 15 litros -azul de la marca basa del area de aire libre y temporada para los camping de la linea cajas termicas de procedencia nacional al precio de 120.9 soles,,,
estante e4 home - blanco de la marca tuhome del area de muebles para los oficinas de la linea bibliotecas/estantes de procedencia nacional al precio de 539.0 soles,,,
casaca ventilada 10.8-18v s sin bat/carg/adap de la marca makita del area de herramientas para los herramientas electricas inalambricas de la linea herramientas multipropositos inal de procedencia nacional al precio de 549.0 soles,,,
"2 grampas y 1 guardacable 3/16"" de la marca werken del area de ferreteria para los amarres y mallas de la linea accesori cab/cad/sog de procedencia nacional al precio de 6.5 soles",,,
"tuerca hexagonal c 5/32 x10u de la marca sm del area de ferreteria para los productos de fijacion de la linea perno,tuerca y arandelas de procedencia nacional al precio de 2.4 soles",,,
locker metalico mk3-01 - 03 puertas-portacandado de la marca maletek del area de organizacion y decoracion para los repisas y estanterias de la linea estanterias de procedencia nacional al precio de 759.0 soles,,,
bateria libre manten blue ns40ls4449-38 de la marca varta del area de herramientas para los automotriz de la linea baterias de procedencia nacional al precio de 210.0 soles,,,
"sierra circular 7 1/2"" 36v lxt dhs710z de la marca makita del area de herramientas para los proyecto showroom de la linea sierras caladoras y circulares inal showroom de procedencia nacional al precio de 899.0 soles",,,
cabina para ducha barú cuadrada de la marca orange del area de baños para los puertas y cabinas de la linea cabina para ducha de procedencia importado al precio de 399.0 soles,,,
planta artificial boa con  maceta ceramica de la marca orange del area de jardin para los deco jardin de la linea plantas artificiales de procedencia importado al precio de 26.9 soles,,,
modus4 - tomacorriente univ. simple negro de la marca bticino del area de electricidad para los interruptores y tomacorrientes de la linea placas armadas de procedencia nacional al precio de 23.9 soles,,,
compresor portatil para llantas de la marca goodyear del area de herramientas para los automotriz de la linea accesorios y prod. de seguridad para el automovil de procedencia importado al precio de 100.0 soles,,,
tacho con pedal y ruedas n° 120 blanco de la marca polinplast del area de limpieza para los herramientas de limpieza general de la linea tachos de procedencia nacional al precio de 239.9 soles,,,
"tubo lac redondo 1""x2.5 6.4m aa de la marca aceros arequipa del area de materiales de construccion para los fierros de la linea perfiles de fierro de procedencia nacional al precio de 56.5 soles",,,
cable patch cord 3mts ve de la marca dixon del area de electricidad para los cables de la linea cable computo/datos de procedencia nacional al precio de 7.9 soles,,,
perilla bola 40mm madera lacada fucsia de la marca nesu del area de ferreteria para los articulos para el mueblista de la linea tiradores de procedencia nacional al precio de 9.3 soles,,,
tablon madera golden 20x61 cm 1.61 m2 de la marca san lorenzo del area de pisos y revestimientos para los pisos maderados de la linea ceramicos maderados de procedencia nacional al precio de 20.0 soles,,,
"broca para c sds-plus 3/4""x450mm de la marca kamasa del area de herramientas para los accesorios para herramientas electricas de la linea brocas de procedencia nacional al precio de 32.9 soles",,,
papelera chaplin grande con sombrero gris de la marca sm del area de organizacion y decoracion para los oficinas de la linea organizadores de oficina de procedencia nacional al precio de 29.9 soles,,,
4 pomo classic d30 cuero viejo de la marca rei del area de ferreteria para los articulos para el mueblista de la linea tiradores de procedencia importado al precio de 1.0 soles,,,
piso marmolizado calacatta gold 60x60 1.44 m2 de la marca san lorenzo del area de pisos y revestimientos para los pisos marmolizados de la linea gress marmolizado de procedencia nacional al precio de 71.86 soles,,,
estantería modular 2 cubos gris de la marca orange del area de muebles para los oficinas de la linea estantes / cubos modulares de procedencia importado al precio de 99.9 soles,,,
papel engomado atrapa moscas de la marca sm del area de jardin para los fertilizantes e insecticidas de la linea insecticidas domesticos de procedencia nacional al precio de 9.9 soles,,,
bambu artificial 130cm de la marca sm del area de jardin para los deco jardin de la linea plantas artificiales de procedencia importado al precio de 173.9 soles,,,
mueble de cocina 54 blanco rovere de la marca tuhome del area de cocina para los muebles de cocina de la linea sets completos de procedencia nacional al precio de 493.0 soles,,,
cemento wari tipo i 42.5 kg de la marca sm del area de materiales de construccion para los cemento de la linea cementos portland-percep de procedencia nacional al precio de 28.5 soles,,,
comoda polin #4 blanco puro de la marca polinplast del area de organizacion y decoracion para los organizadores plasticos de la linea comodas plasticas de procedencia nacional al precio de 197.0 soles,,,
p. escalera gasp cob led 3w ip54 lc de la marca orange del area de iluminacion para los iluminacion exterior de la linea apliques de exterior de procedencia importado al precio de 39.9 soles,,,
olla antiadherente premiun 24 cm de la marca orange del area de cocina para los menaje de la linea sartenes de procedencia importado al precio de 89.9 soles,,,
vela pomo chico 7.6x8.9cm manzana de la marca casa bella del area de organizacion y decoracion para los decorativos de la linea varios de procedencia nacional al precio de 9.9 soles,,,
protector uv3 citrus 300ml de la marca simoniz del area de herramientas para los automotriz de la linea limpieza y aditivos de procedencia nacional al precio de 20.9 soles,,,
desengrasante en frio 500 ml de la marca sonax del area de herramientas para los automotriz de la linea limpieza y aditivos de procedencia nacional al precio de 29.9 soles,,,
ventus exprimidor de citricos super n de la marca ventus del area de electro hogar para los electrodomesticos de la linea electro varios de procedencia nacional al precio de 1299.0 soles,,,
adit. full injector cleaner 473ml de la marca simoniz del area de herramientas para los automotriz de la linea limpieza y aditivos de procedencia nacional al precio de 20.0 soles,,,
bota para acero crossrail hombre con beige t41.5 cat de la marca caterpillar del area de herramientas para los seguridad industrial de la linea calzado de seguridad de procedencia nacional al precio de 469.0 soles,,,
rpto botón lateral para válvula d descarga coflex de la marca plomer del area de gasfiteria para los accesorios sanitarios de la linea accesorios sanitarios de procedencia nacional al precio de 22.3 soles,,,
combo cocina empotrable durabile 4 hornillas n de la marca klimatic del area de electro hogar para los empotrado  de la linea cocinas encimeras de procedencia nacional al precio de 899.0 soles,,,
urrea toallero  cassia de argolla (lu.19) de la marca urrea del area de baños para los organizacion de baño de la linea sets adosados de procedencia nacional al precio de 147.0 soles,,,
puerta hdf decosint square blanca 40x800x2070 de la marca dimfer del area de ferreteria para los puertas de interior de la linea mdf o hdf de procedencia nacional al precio de 89.9 soles,,,
trampa multiposicion para lavatorio y lavadero de la marca coflex del area de gasfiteria para los accesorios sanitarios de la linea trampas de procedencia nacional al precio de 41.9 soles,,,
"parlante tripode portatil bluetooth 8"" de la marca prolink del area de electricidad para los tecnologia de la linea electronica  de procedencia importado al precio de 179.0 soles",,,
oxford plata ii 60x60 1.48 de la marca san lorenzo del area de pisos y revestimientos para los pisos cementicio de la linea gress cementicio de procedencia nacional al precio de 59.0 soles,,,
linterna para cabeza 3led 3watt de la marca bostontek del area de electricidad para los pilas y linternas de la linea linternas de procedencia nacional al precio de 49.9 soles,,,
"disco de corte de 6"" de la marca kaili del area de herramientas para los accesorios para herramientas electricas de la linea discos de corte de procedencia nacional al precio de 5.9 soles",,,
refrigerador integrado ci3 330 nf de la marca teka del area de electro hogar para los linea blanca de la linea refrigeradoras de procedencia nacional al precio de 4499.0 soles,,,
kit fijación para cuadros de la marca sm del area de ferreteria para los productos de fijacion de la linea kit de fijacion de procedencia importado al precio de 1.0 soles,,,
s23 - interruptor triple blanco de la marca simon del area de electricidad para los interruptores y tomacorrientes de la linea placas armadas de procedencia nacional al precio de 1.0 soles,,,
desarmador estrella m/gomaen acero ph1x100mm de la marca kamasa del area de herramientas para los herramientas de mano de la linea desarmadores de procedencia nacional al precio de 3.9 soles,,,
tijera para podar rosas 24mm bp 50 premium de la marca gardena del area de jardin para los herramientas manuales para jardineria de la linea tijeras de procedencia nacional al precio de 335.9 soles,,,
"espatula flexible 6"" de la marca stanley del area de herramientas para los herramientas de mano de la linea espatulas de procedencia importado al precio de 37.9 soles",,,
filtro para piscina de la marca bestway del area de jardin para los productos para piscinas de la linea piscinas de procedencia importado al precio de 36.9 soles,,,
guante anti-corte pu cut-5 de la marca werken del area de herramientas para los seguridad industrial de la linea guantes de procedencia importado al precio de 5.0 soles,,,
"cesto decorativo de caña natural 21.5 cm ""m"" de la marca orange del area de aire libre y temporada para los terrazas de la linea deco terraza de procedencia importado al precio de 29.0 soles",,,
"disco corte acero bna32 14""x7/64""x1"" de la marca norton del area de herramientas para los accesorios para herramientas electricas de la linea discos de corte de procedencia nacional al precio de 22.5 soles",,,
"codo 90° 3/4"" agua fría sin rosca tigre de la marca matusita del area de gasfiteria para los tubos y conexiones de la linea acces y conec pvc sp de procedencia nacional al precio de 3.1 soles",,,
dormitorio one 2 plz _colchon base con caj cabe de la marca el cisne del area de muebles para los dormitorios de la linea colchones de procedencia nacional al precio de 1899.0 soles,,,
"esmalte al agua verde oscuro brill. 0,946 lts de la marca rust oleum del area de pinturas para los esmaltes, barnices y solventes de la linea pintura especializada de procedencia nacional al precio de 60.1 soles",,,
elevador especial plano 762mm de la marca bahco del area de herramientas para los accesorios para herramientas electricas de la linea accesorios de herramientas de procedencia nacional al precio de 334.0 soles,,,
"cocina a gas 24"" serie600pbp1 4horn bl de la marca mabe del area de electro hogar para los linea blanca de la linea cocinas de pie de procedencia nacional al precio de 649.0 soles",,,
niple 3/4 de la marca eternit del area de gasfiteria para los tanques de agua de la linea accesorios tanq agua de procedencia nacional al precio de 4.9 soles,,,
"espatula d acero mango plastico 3"" de la marca stanley del area de herramientas para los herramientas de mano de la linea espatulas de procedencia importado al precio de 12.9 soles",,,
espatula de acero de la marca bahco del area de herramientas para los herramientas de mano de la linea alicates y herramientas de corte de procedencia nacional al precio de 38.9 soles,,,
olla arrocera rc22fry 2.2lt con sofrito antiad de la marca imaco del area de electro hogar para los electrodomesticos de la linea pequeños electrodomesticos de procedencia nacional al precio de 169.9 soles,,,
"broca metal 1/16"" pilot point de la marca dewalt del area de herramientas para los accesorios para herramientas electricas de la linea brocas de procedencia nacional al precio de 5.9 soles",,,
"abrazadera 3/4"" - 2 oreja 2mm de la marca jormen del area de electricidad para los tuberias, canaletas y conexiones de la linea caja/acces p/tuberia de procedencia nacional al precio de 1.1 soles",,,
basurero para auto 32.5x25cm de la marca goodyear del area de herramientas para los automotriz de la linea limpieza y aditivos de procedencia importado al precio de 9.9 soles,,,
marbox travertine brillo 30x60 cm 1.44 m2 de la marca klipen del area de pisos y revestimientos para los paredes de la linea paredes marmolizados de procedencia nacional al precio de 100.66 soles,,,
"torn 6x1"" para f x 500u de la marca werken del area de ferreteria para los productos de fijacion de la linea fijaciones p/ drywal-percep de procedencia nacional al precio de 19.9 soles",,,
visita tecnica aire acondicionado de la marca sm del area de servicios para los servicios tienda de la linea servicios instalacion - tienda de procedencia nacional al precio de 30.0 soles,,,
i&o-set cubiertos plásticos gold 24 pzas de la marca orange del area de tendencias para los colecciones de la linea cocina de procedencia importado al precio de 7.9 soles,,,
basica de pared n°1 de la marca mas garden del area de jardin para los deco jardin de la linea bases y adornos de procedencia nacional al precio de 24.9 soles,,,
batería 20v max 4.0ah dcb204-b3 de la marca dewalt del area de herramientas para los proyecto showroom de la linea herramientas multipropositos inal showroom de procedencia nacional al precio de 479.0 soles,,,
cuchillo alta resistencia de la marca bahco del area de herramientas para los herramientas de mano de la linea alicates y herramientas de corte de procedencia nacional al precio de 114.9 soles,,,
"dado 60mm   hex. enc 3/4"" de la marca bahco del area de herramientas para los herramientas de mano de la linea alicates y herramientas de corte de procedencia nacional al precio de 377.0 soles",,,
kit d instalacion para lavatorio de la marca vainsa del area de gasfiteria para los accesorios sanitarios de la linea accesorios sanitarios de procedencia nacional al precio de 212.0 soles,,,
gata de botella 4 tn de la marca tongrun del area de herramientas para los automotriz de la linea accesorios y prod. de seguridad para el automovil de procedencia nacional al precio de 131.9 soles,,,
a24 banco bar terraza de la marca keter del area de aire libre y temporada para los terrazas de la linea complementos de terraza de procedencia importado al precio de 89.9 soles,,,
plancha calamina 0.22x0.80x3.60 mt -und de la marca prodac del area de materiales de construccion para los techos de la linea calamina metalica de procedencia nacional al precio de 29.9 soles,,,
silla colgante tipo mecedora color natural de la marca orange del area de aire libre y temporada para los terrazas de la linea complementos de terraza de procedencia importado al precio de 111.9 soles,,,
protector facial con rachet de la marca tridente del area de herramientas para los seguridad industrial de la linea protectores visuales y auditivos de procedencia nacional al precio de 42.1 soles,,,
mueble zapatero 2 cajones de la marca politorno del area de muebles para los dormitorios de la linea zapateras rta de procedencia importado al precio de 149.0 soles,,,
techo gran onda p5 gris 1.83x1.10m de la marca eternit del area de materiales de construccion para los techos de la linea techos de fibrocemento de procedencia nacional al precio de 70.9 soles,,,
fluorescente tl-5 essential 28w/865 lz bca g5 de la marca philips del area de iluminacion para los iluminación comercial de la linea fluorescentes de procedencia nacional al precio de 1.0 soles,,,
reduccion 2 a 1 roscado - frio - de la marca pavco del area de gasfiteria para los tubos y conexiones de la linea acces y conec pvc des de procedencia nacional al precio de 5.6 soles,,,
"dado 3/8"" hex 12mm de la marca bahco del area de herramientas para los herramientas de mano de la linea alicates y herramientas de corte de procedencia nacional al precio de 9.9 soles",,,
alicate arandelas inter recto 300mm de la marca bahco del area de herramientas para los herramientas de mano de la linea alicates y herramientas de corte de procedencia nacional al precio de 230.9 soles,,,
casaca/pantalon para lluvia 304 amar xl de la marca delta plus del area de herramientas para los seguridad industrial de la linea ropa de trabajo de procedencia nacional al precio de 29.9 soles,,,
acople rapido para mangeras 5/8 y 3/4 de la marca tramontina del area de jardin para los mangueras y accesorios para riego de la linea accesorios de riego de procedencia nacional al precio de 10.9 soles,,,
arena para gato garfield 19.05kg de la marca sm del area de jardin para los deco jardin de la linea accesorios de mascotas de procedencia nacional al precio de 79.9 soles,,,
"i&o-disco corte diamant angular 4 1/2""x7/8"" de la marca lenox del area de herramientas para los accesorios para herramientas electricas de la linea discos de corte de procedencia importado al precio de 79.9 soles",,,
"broca acero  (hss)  5/64"" de la marca bahco del area de herramientas para los accesorios para herramientas electricas de la linea brocas de procedencia nacional al precio de 3.9 soles",,,
"taco para lijar 23 cm x 3"" de la marca iforest del area de pinturas para los accesorios para pintar de la linea lijas de procedencia nacional al precio de 15.6 soles",,,
rollo confort marron de la marca sm del area de organizacion y decoracion para los cubrepisos y felpudos de la linea felpudos de procedencia nacional al precio de 609.0 soles,,,
"niple 1 1/4""*3"" agua fría con rosca de la marca nicoll del area de gasfiteria para los tubos y conexiones de la linea acces y conec pvc ro de procedencia nacional al precio de 7.4 soles",,,
cemento portland tipo i 42.5kg de la marca andino del area de materiales de construccion para los cemento de la linea cementos portland-percep de procedencia nacional al precio de 33.5 soles,,,
número 3 - 150mm acero inox de la marca eurolocks del area de ferreteria para los herrajeria de la linea numeros y letras puertas de procedencia nacional al precio de 34.7 soles,,,
estabilizador 3000va/1500w 4t fvr-3002 de la marca forza del area de electricidad para los cables de la linea supresores y estabilizadores de procedencia nacional al precio de 218.0 soles,,,
cajón modular blanco de la marca orange del area de muebles para los oficinas de la linea estantes / cubos modulares de procedencia importado al precio de 39.9 soles,,,
trampa plateada con  registro-contra para  lavabo de la marca coflex del area de gasfiteria para los accesorios sanitarios de la linea trampas de procedencia nacional al precio de 3.9 soles,,,
"i&o-set x2 banco bar porto blanco de la marca orange del area de muebles para los mesas, sillas y bancos de la linea bancos de bar de procedencia importado al precio de 200.0 soles",,,
plafon blanco led shiny 40w lc de la marca lightech del area de iluminacion para los iluminacion decorativa de la linea plafones de procedencia nacional al precio de 100.0 soles,,,
philips plancha 2000w gc1019 de la marca philips del area de electro hogar para los electrodomesticos de la linea pequeños electrodomesticos de procedencia nacional al precio de 99.0 soles,,,
sierra copa bimetal hss 32mm de la marca kwb del area de herramientas para los accesorios para herramientas electricas de la linea accesorios de herramientas de procedencia importado al precio de 49.9 soles,,,
"amoladora 7"" gws 26-180 de la marca bosch del area de herramientas para los herramientas electricas portatiles de la linea amoladoras de procedencia nacional al precio de 879.0 soles",,,
hierba acuatica de tallo 83cm de la marca atmosphera del area de jardin para los deco jardin de la linea flores artificiales sueltas de procedencia importado al precio de 19.9 soles,,,
"lijadora rotoorbital 300w bo5030 de la marca makita del area de herramientas para los herramientas electricas portatiles de la linea lijadoras, cepillos y fresadoras de procedencia nacional al precio de 399.9 soles",,,
"base para sombrilla central rellenable 45x45 de la marca orange del area de aire libre y temporada para los toldos,sombrillas y pergolas de la linea sombrillas de procedencia importado al precio de 49.9 soles",,,
convertidor de audio optical 2rca a 3.5mm de la marca miyako del area de electricidad para los tecnologia de la linea electronica  de procedencia nacional al precio de 4.9 soles,,,
a24 mesa de centro círculos madera hierro fund de la marca orange del area de aire libre y temporada para los terrazas de la linea complementos de terraza de procedencia importado al precio de 333.0 soles,,,
rheem terma a gas 21l tf glp prestige gris de la marca rheem del area de baños para los termas y calentadores de la linea calentadores a gas -glp de procedencia nacional al precio de 2399.0 soles,,,
a24 set de terraza emma 6 piezas de la marca orange del area de aire libre y temporada para los terrazas de la linea muebles de terraza de procedencia importado al precio de 2049.0 soles,,,
spot emp led para caja octogonal 14w blanco luz fria de la marca lightech del area de iluminacion para los iluminacion funcional de la linea spots led de procedencia nacional al precio de 35.9 soles,,,
i&o-sarten argentum 18   espatula de la marca facusa del area de cocina para los menaje de la linea sartenes de procedencia nacional al precio de 30.9 soles,,,
sierra caladora dw341 de la marca dewalt del area de herramientas para los herramientas electricas portatiles de la linea sierras caladoras y circulares de procedencia nacional al precio de 529.0 soles,,,
combo puerta sinfonia hdf 80  marco   bis   kit de la marca ares del area de ferreteria para los puertas de interior de la linea combos puertas / marcos de procedencia nacional al precio de 324.0 soles,,,
velador boa flotante - wengue de la marca tuhome del area de muebles para los dormitorios de la linea veladores rta de procedencia nacional al precio de 239.9 soles,,,
"perno   tuerca   arandela acero 8.8 8x50 4u de la marca sm del area de ferreteria para los productos de fijacion de la linea perno,tuerca y arandelas de procedencia importado al precio de 4.1 soles",,,
rueda 100mm con  perno de la marca ducasse del area de ferreteria para los articulos para el mueblista de la linea sistemas puerta corr de procedencia nacional al precio de 76.9 soles,,,
"desarmador estrella 1/4x10"" de la marca rubicon del area de herramientas para los herramientas de mano de la linea desarmadores de procedencia nacional al precio de 31.9 soles",,,
zapatos silicona impermeable perro m amarillo de la marca sashija del area de jardin para los deco jardin de la linea accesorios de mascotas de procedencia nacional al precio de 33.48 soles,,,
lámpara de techo led 3l marmara de la marca desire del area de iluminacion para los iluminacion decorativa de la linea colgantes trendy de procedencia nacional al precio de 699.9 soles,,,
family guard desinfectante frescura campest 400 ml de la marca family guard del area de limpieza para los limpiadores y desinfectantes de la linea ambientadores y desinfectantes del ambiente de procedencia nacional al precio de 9.9 soles,,,
"cadena indus 1/8"" zinc eslabon retorcido 30.48m de la marca kingchain del area de ferreteria para los amarres y mallas de la linea cadenas de procedencia importado al precio de 1.0 soles",,,
"llanta carretilla reforzada 16""x4"" sin camara de la marca truper del area de materiales de construccion para los herramientas para construccion de la linea carretillas y boogies de procedencia nacional al precio de 31.5 soles",,,
"estribos fierro corrugado 3/8"" 17x17cm - e1 a6 de la marca aceros arequipa del area de materiales de construccion para los fierros de la linea productos listos de fierro de procedencia nacional al precio de 19.9 soles",,,
i&o-individual redondo negro dia 38 cm de la marca orange del area de tendencias para los navidad de la linea adornos y decorativos de procedencia importado al precio de 11.9 soles,,,
"inst compl  sist levad ayacucho, huancayosalg de la marca sm del area de servicios para los servicios tienda de la linea servicios instalacion - tienda de procedencia nacional al precio de 430.0 soles",,,
juego de puntas combinadas x5un 1' de la marca truper del area de herramientas para los accesorios para herramientas electricas de la linea accesorios de herramientas de procedencia nacional al precio de 1.0 soles,,,
hoja caladora t141hmx3.fibraplasticaespf/fiber de la marca bosch del area de herramientas para los accesorios para herramientas electricas de la linea accesorios de herramientas de procedencia nacional al precio de 141.9 soles,,,
"amol 4 1/2"" 9557hpg 840w   5 discos   bolso de la marca makita del area de herramientas para los herramientas electricas portatiles de la linea amoladoras de procedencia nacional al precio de 299.9 soles",,,
one piece bali con asiento blanco de la marca vainsa del area de baños para los sanitarios de la linea one piece de procedencia nacional al precio de 450.0 soles,,,
cama americana ventus 2.0 plz de la marca drimer del area de muebles para los dormitorios de la linea colchones de procedencia nacional al precio de 3789.0 soles,,,
"barniz t-81 nogal 1 gl de la marca tekno del area de pinturas para los esmaltes, barnices y solventes de la linea lacas, barnices y preservantes de procedencia nacional al precio de 81.0 soles",,,
downlight adosable 12w 865 rd de la marca bellalux del area de iluminacion para los iluminacion funcional de la linea downlights de procedencia nacional al precio de 25.89 soles,,,
arv difusor de varillas aroma tarde de otoño 100ml de la marca orange del area de baños para los organizacion de baño de la linea accesorios de organizacion de baño de procedencia importado al precio de 31.9 soles,,,
escritorio estantería z 120 de la marca tuhome del area de muebles para los oficinas de la linea escritorios rta de procedencia nacional al precio de 639.0 soles,,,
altec lansing headset gaming algh9603 de la marca sm del area de electricidad para los tecnologia de la linea computo de procedencia nacional al precio de 99.9 soles,,,
spot led caja octogonal 14w 11cm 3cct gr de la marca orange del area de iluminacion para los iluminacion funcional de la linea spots led de procedencia importado al precio de 30.9 soles,,,
limpiador de alfombras 2en1 650 ml dr. beckmann de la marca dr beckmann del area de limpieza para los limpiadores y desinfectantes de la linea limpiadores especializados de procedencia nacional al precio de 39.9 soles,,,
fotomural oxygen 8 paños de la marca decopapel del area de pinturas para los acabados especiales de la linea papel decorativo de procedencia nacional al precio de 329.99 soles,,,
broca sds max m4 16x200x340 de la marca bosch del area de herramientas para los accesorios para herramientas electricas de la linea accesorios de herramientas de procedencia nacional al precio de 155.0 soles,,,
set mandril y boquillas para mototools 5pz de la marca dremel del area de herramientas para los accesorios para herramientas electricas de la linea accesorios de herramientas de procedencia nacional al precio de 33.2 soles,,,
calzado seguridad irca t-38 de la marca werken del area de herramientas para los seguridad industrial de la linea calzado de seguridad de procedencia importado al precio de 139.9 soles,,,
dvr (solo   1 tr hd) br 401-dvr de la marca fujita security del area de electricidad para los seguridad de la linea sistemas de alarma de procedencia nacional al precio de 1099.0 soles,,,
lavadora gpl-cyberdrum 21kg inox de la marca daewoo del area de electro hogar para los linea blanca de la linea lavadoras / secadoras de procedencia nacional al precio de 2859.0 soles,,,
pulverizador manual 1l x 12unds de la marca ferticorp del area de jardin para los fertilizantes e insecticidas de la linea fumigadoras y sprayers de procedencia nacional al precio de 84.0 soles,,,
escuadra de construccion 600mm de la marca bahco del area de herramientas para los herramientas de mano de la linea herramientas de medicion y niveles de procedencia nacional al precio de 132.9 soles,,,
pilar ranurado doble 192 negro de la marca ducasse del area de organizacion y decoracion para los repisas y estanterias de la linea pilares de procedencia nacional al precio de 47.4 soles,,,
ducha telef basic cr de la marca orange del area de baños para los griferia de baño de la linea duchadores de procedencia importado al precio de 29.4 soles,,,
válvula d ingreso agua para tanque telescopica de la marca vainsa del area de gasfiteria para los accesorios sanitarios de la linea accesorios sanitarios de procedencia nacional al precio de 56.8 soles,,,
"tapa universal para complementos 4"" (100mm) de la marca nicoll del area de materiales de construccion para los techos de la linea canaletas de procedencia nacional al precio de 3.9 soles",,,
sal duch esp cuad bronce pared t/40cm cr de la marca vainsa del area de baños para los griferia de baño de la linea llave ducha de procedencia nacional al precio de 799.0 soles,,,
cable thhn thwn cu 8awg negro de la marca phelpsdodge del area de electricidad para los cables de la linea conductores electric 1 de procedencia nacional al precio de 4.1 soles,,,
alfombra le café bordelais algodón 60x90cm de la marca sm del area de tendencias para los textil de la linea textil-deco de procedencia importado al precio de 49.9 soles,,,
lija black stone - al agua/grano 60 de la marca bosch del area de pinturas para los accesorios para pintar de la linea lijas de procedencia nacional al precio de 1.0 soles,,,
pack 4 mini tapers multiuso de la marca orange del area de cocina para los menaje de la linea organizacion y contenedores de procedencia importado al precio de 8.9 soles,,,
lavasecalg cfrontthinq wk22ws6 22/16kg  blan de la marca lg del area de electro hogar para los linea blanca de la linea lavadoras / secadoras de procedencia nacional al precio de 9899.0 soles,,,
command gancho cocina x 3 17067 de la marca 3m del area de ferreteria para los productos de fijacion de la linea ganchos adhesivos de procedencia nacional al precio de 17.9 soles,,,
set de 3 herramientas para  parrilla de la marca naterial del area de aire libre y temporada para los parrillas de la linea accesorios parrillas de procedencia importado al precio de 1.0 soles,,,
ensaladera 21cm porcelana con borde rojo top chef de la marca orange del area de cocina para los menaje de la linea vajilla y fuentes de procedencia importado al precio de 34.9 soles,,,
refrigeradora 619l kgn86ai40b inox de la marca bosch del area de electro hogar para los linea blanca de la linea refrigeradoras de procedencia nacional al precio de 6499.0 soles,,,
difusor de perfume jomy 150ml jazmin de la marca sm del area de tendencias para los i&o de la linea decoracion i&o de procedencia importado al precio de 39.9 soles,,,
set x2 lazos rojo brillante 12x15cm navidad de la marca orange del area de tendencias para los productos check out de la linea productos check out de procedencia importado al precio de 9.9 soles,,,
comida jgo 18 diwali light turquoise de la marca luminarc del area de cocina para los menaje de la linea vajilla y fuentes de procedencia nacional al precio de 199.99 soles,,,
rapiducha style 3000w de la marca sole del area de baños para los termas y calentadores de la linea rapiducha de procedencia nacional al precio de 229.0 soles,,,
bandeja familiar ovalada de la marca polinplast del area de cocina para los menaje de la linea vajilla y fuentes de procedencia nacional al precio de 8.9 soles,,,
tal. comp. inal. 7/16¿ 20v max xr sin bat de la marca dewalt del area de herramientas para los proyecto showroom de la linea taladros percusión inal showroom de procedencia nacional al precio de 1299.0 soles,,,
i&o-silla publix beige de la marca polinplast del area de aire libre y temporada para los muebles de plastico de la linea sillas de plastico de procedencia nacional al precio de 24.9 soles,,,
felpudo de interior ondas azul de la marca orange del area de organizacion y decoracion para los cubrepisos y felpudos de la linea alfombras dimensionadas de procedencia importado al precio de 14.9 soles,,,
tab melamina maras 18mm 7x8 de la marca vesto del area de ferreteria para los tableros aglomerados de la linea melamina de procedencia nacional al precio de 199.9 soles,,,
latex satinado canelo 1gl de la marca ceresita del area de pinturas para los pinturas al latex de la linea latex medio de procedencia nacional al precio de 89.68 soles,,,
"mezc lavat 4"" acapulco cr de la marca italgrif del area de baños para los griferia de baño de la linea mezcl. lavat de procedencia nacional al precio de 50.0 soles",,,
"conector conduit emt de acero 1/2'' con ul de la marca navia del area de electricidad para los tuberias, canaletas y conexiones de la linea tubería conduit  de procedencia nacional al precio de 1.6 soles",,,
careta sentinel a50 de la marca esab del area de herramientas para los equipos para soldar de la linea maquinas de soldar y accesorios de procedencia nacional al precio de 1190.0 soles,,,
pantalon denin t/s de la marca werken del area de herramientas para los seguridad industrial de la linea ropa de trabajo de procedencia nacional al precio de 51.9 soles,,,
camara smart rj45 exterior 2k 5mp home de la marca nexxt del area de electricidad para los seguridad de la linea camaras de seguridad de procedencia nacional al precio de 199.0 soles,,,
tarugo pvc az 5/16 x 50u de la marca sm del area de ferreteria para los productos de fijacion de la linea tarugos de procedencia nacional al precio de 6.3 soles,,,
cocina de piso cmp3020fn1 de 6 hornillas glp de la marca mabe del area de electro hogar para los linea blanca de la linea cocinas de pie de procedencia nacional al precio de 1559.0 soles,,,
vanitorio vanguard de la marca tuhome del area de baños para los muebles de baño de la linea vanitorios de procedencia nacional al precio de 450.0 soles,,,
plancha vapor lr02r de la marca black & decker del area de electro hogar para los electrodomesticos de la linea pequeños electrodomesticos de procedencia nacional al precio de 64.9 soles,,,
sarten negra 20 cm de la marca orange del area de cocina para los menaje de la linea sartenes de procedencia importado al precio de 11.83 soles,,,
cocina inducción izc 64630 wh mst de la marca teka del area de electro hogar para los empotrado  de la linea cocinas encimeras de procedencia nacional al precio de 2799.0 soles,,,
"nivel laser puntos gpl 5, 5 puntos 30 m. de la marca bosch del area de herramientas para los herramientas electricas inalambricas de la linea herramientas de medicion laser de procedencia nacional al precio de 869.0 soles",,,
desatorador de baño zopapo eco de la marca hude del area de limpieza para los herramientas de limpieza general de la linea herramientas especiales de procedencia nacional al precio de 9.9 soles,,,
aspersor hinchable arcoiris 2.21x71 de la marca bestway del area de jardin para los productos para piscinas de la linea flotadores y accesorios de procedencia importado al precio de 159.9 soles,,,
atornillador 12v gsr 12v - 15 fc de la marca bosch del area de herramientas para los herramientas electricas inalambricas de la linea atornilladores inal de procedencia nacional al precio de 1199.0 soles,,,
generador gasolinero 2.5 kw de la marca hyundai del area de herramientas para los herramientas electricas estacionarias de la linea generadores de procedencia nacional al precio de 1439.0 soles,,,
colgante led abstract 16w lc negro de la marca ikelite del area de iluminacion para los iluminacion decorativa de la linea colgantes led de procedencia importado al precio de 100.0 soles,,,
cobertor imper moto talla l de la marca werken del area de herramientas para los automotriz de la linea accesorios y prod. de seguridad para el automovil de procedencia importado al precio de 54.9 soles,,,
capuchon negro 60 de la marca onduline del area de ferreteria para los productos de fijacion de la linea kit de fijacion de procedencia nacional al precio de 10.9 soles,,,
barra organizadora interconectable ne 60 cm. de la marca orange del area de cocina para los organizacion de cocina de la linea organizadores adosados de procedencia nacional al precio de 42.1 soles,,,
clavo azul 2.5 x 30 *50u de la marca sm del area de ferreteria para los productos de fijacion de la linea clavos uso general-percep de procedencia nacional al precio de 5.0 soles,,,
matix - placa ciega marfil de la marca bticino del area de electricidad para los interruptores y tomacorrientes de la linea placas armadas premium de procedencia nacional al precio de 1.0 soles,,,
rapiducha turbo max ultra 5500w con a de la marca sole del area de baños para los termas y calentadores de la linea rapiducha de procedencia nacional al precio de 359.0 soles,,,
zebra 20 2.0x6 pl de la marca paraiso del area de muebles para los dormitorios de la linea colchones de procedencia nacional al precio de 434.0 soles,,,
"disco de pulido 6"" verde  de la marca sonax del area de herramientas para los automotriz de la linea limpieza y aditivos de procedencia nacional al precio de 39.9 soles",,,
compresor de aire con luz led de la marca goodyear del area de herramientas para los automotriz de la linea accesorios y prod. de seguridad para el automovil de procedencia importado al precio de 99.9 soles,,,
rueda 100mm con placa de la marca ducasse del area de ferreteria para los articulos para el mueblista de la linea sistemas puerta corr de procedencia nacional al precio de 76.9 soles,,,
soldadora inversora 140 amp de la marca werken del area de herramientas para los equipos para soldar de la linea maquinas de soldar y accesorios de procedencia importado al precio de 309.0 soles,,,
inversor de voltaje de onda pura 2000w 12v de la marca opalux del area de electricidad para los seguridad de la linea paneles solares de procedencia nacional al precio de 1576.3 soles,,,
parrilla cilindrica con tapa   parrilla   soporte de la marca sm del area de aire libre y temporada para los parrillas de la linea parrillas a carbón de procedencia importado al precio de 162.9 soles,,,
cocina gas 76 cm inx de la marca mabe del area de electro hogar para los linea blanca de la linea cocinas de pie de procedencia nacional al precio de 1869.0 soles,,,
"sierra circular 7 1/4"" 1400w de la marca skil del area de herramientas para los herramientas electricas portatiles de la linea sierras caladoras y circulares de procedencia nacional al precio de 359.9 soles",,,
"canaleta ranurada 40x60 2m gris de la marca mutlusan del area de electricidad para los tuberias, canaletas y conexiones de la linea canaletas de procedencia nacional al precio de 19.9 soles",,,
s220 - toma coaxial tv tipo f grafito de la marca simon del area de electricidad para los interruptores y tomacorrientes de la linea placas armadas de procedencia nacional al precio de 1.0 soles,,,
a24 silla de exterio relax 3 posiciones gris de la marca orange del area de aire libre y temporada para los terrazas de la linea sillas de playa y jardín de procedencia importado al precio de 121.9 soles,,,
escoba doña lucha de la marca hude del area de limpieza para los herramientas para pisos y superficies de la linea escobas y escobillones de procedencia nacional al precio de 10.9 soles,,,
"conector rápido macho de latón 3/4"" de la marca truper del area de jardin para los mangueras y accesorios para riego de la linea accesorios de riego de procedencia nacional al precio de 4.85 soles",,,
motosierra 3600w y 12500rpm de la marca kaili del area de herramientas para los herramientas electricas portatiles de la linea herramientas multipropositos de procedencia nacional al precio de 1899.0 soles,,,
a23 cojin de terraza india beige 40x40 de la marca orange del area de aire libre y temporada para los terrazas de la linea deco terraza de procedencia importado al precio de 69.0 soles,,,
autoperf pta broca 8x1 1/2x50u de la marca sm del area de ferreteria para los productos de fijacion de la linea fijaciones p/ drywal-percep de procedencia nacional al precio de 19.9 soles,,,
señal rigida d cuidado puerta levadiza de la marca sm del area de herramientas para los seguridad industrial de la linea señales de seguridad de procedencia nacional al precio de 11.4 soles,,,
desinfectante discos lavanda de la marca pato del area de limpieza para los limpiadores y desinfectantes de la linea desinfectantes y desatoradores de procedencia nacional al precio de 13.7 soles,,,
"alicate universal 6"" de la marca kamasa del area de herramientas para los herramientas de mano de la linea alicates y herramientas de corte de procedencia nacional al precio de 15.9 soles",,,
"n2xoh cab. 1x4 mm² 0,6/1 kv rojo de la marca celsa del area de electricidad para los cables de la linea conductores electric 1 de procedencia nacional al precio de 3.41 soles",,,
flotador avion espacial de la marca bestway del area de jardin para los productos para piscinas de la linea flotadores y accesorios de procedencia importado al precio de 65.9 soles,,,
"base zincromato automotriz 1 gl de la marca chemisa del area de pinturas para los esmaltes, barnices y solventes de la linea anticorrosivos de procedencia nacional al precio de 91.7 soles",,,
sarten al. tipo ceram. ct n° 22 con fi-roj de la marca record del area de cocina para los menaje de la linea sartenes de procedencia nacional al precio de 129.9 soles,,,
mesa kinder decorado niña de la marca reyplast del area de aire libre y temporada para los muebles de plastico de la linea plasticos niños de procedencia nacional al precio de 89.9 soles,,,
jgo ollas encanto ac inox 6pzas de la marca record del area de cocina para los menaje de la linea sartenes de procedencia nacional al precio de 429.0 soles,,,
terma a gas 15lt x min gwh-1500t glp/gnv de la marca alfano del area de baños para los termas y calentadores de la linea calentadores a gas -glp de procedencia nacional al precio de 1799.0 soles,,,
termo acero deco. para alim fútbol 290ml de la marca sm del area de cocina para los menaje de la linea termos de procedencia nacional al precio de 69.9 soles,,,
vela perfumada nina 90g vainilla de la marca sm del area de tendencias para los productos check out de la linea productos check out de procedencia importado al precio de 9.9 soles,,,
"bioseguridad hoteles, 20x30cm, blanco y azul. de la marca sm del area de herramientas para los seguridad industrial de la linea señales de seguridad de procedencia nacional al precio de 0.1 soles",,,
bisagra 35mm/165° lateral de la marca ducasse del area de ferreteria para los articulos para el mueblista de la linea bisagras para mueble de procedencia nacional al precio de 20.9 soles,,,
marco pino pre-acabado 32 x 90 x 2.44 de la marca sm del area de ferreteria para los marcos para puertas de la linea marcos pre acabados de procedencia nacional al precio de 89.9 soles,,,
colchoneta impermeable reposera 50x175 gris de la marca sm del area de aire libre y temporada para los terrazas de la linea complementos de terraza de procedencia nacional al precio de 99.9 soles,,,
"ramal tee 4"" a 3"" desague liviano de la marca pavco del area de gasfiteria para los tubos y conexiones de la linea acces y conec pvc des de procedencia nacional al precio de 18.9 soles",,,
"caja octgonal liviana 0.3mm de la marca jormen del area de electricidad para los tuberias, canaletas y conexiones de la linea caja/acces p/tuberia de procedencia nacional al precio de 1.9 soles",,,
stanley gabinete rodante stst18613 de la marca stanley del area de herramientas para los herramientas de mano de la linea cajas de herramientas de procedencia importado al precio de 89.9 soles,,,
vainsa mz mnoc dch glamour con s glm bt cr de la marca vainsa del area de baños para los griferia de baño de la linea mezcl. ducha de procedencia nacional al precio de 615.0 soles,,,
cloro en pastillas pluschlor (caja x 5kg) de la marca sm del area de jardin para los productos para piscinas de la linea cloro de procedencia nacional al precio de 185.0 soles,,,
cama americana gravity 1.5 de la marca drimer del area de muebles para los dormitorios de la linea camas y auxiliares de dormitorio de procedencia nacional al precio de 2029.0 soles,,,
broca forstner hm 35 mm.bosch de la marca bosch del area de herramientas para los accesorios para herramientas electricas de la linea brocas de procedencia nacional al precio de 112.0 soles,,,
salida d ducha esp inox de la marca vainsa del area de baños para los griferia de baño de la linea accesorios y repuestos de griferia de baños de procedencia nacional al precio de 500.0 soles,,,
cable de cobre blando 25 mm2 rm de la marca indeco del area de electricidad para los cables de la linea conductores electric 1 de procedencia nacional al precio de 13.83 soles,,,
3m futuro codera ajustable de la marca 3m del area de herramientas para los seguridad industrial de la linea fajas y soportes especiales de procedencia nacional al precio de 5.0 soles,,,
ganchos plasticos magicos 1 cm (1kg) x 7 u de la marca zender del area de ferreteria para los productos de fijacion de la linea fijaciones especiales de procedencia nacional al precio de 8.5 soles,,,
"válvula d paso 1/2"" bronce 362 lbs de la marca equation del area de gasfiteria para los accesorios de gasfiteria de la linea valvulas hidraulicas de procedencia importado al precio de 30.9 soles",,,
terminal ais. pin 2.6mm 12-10 awg x 25 un ama de la marca tkl del area de electricidad para los cables de la linea accesorios p/ cables de procedencia nacional al precio de 9.9 soles,,,
manillon regina d25x650x800mm inox para mad o met de la marca eurolocks del area de ferreteria para los articulos para el mueblista de la linea tiradores de procedencia nacional al precio de 49.9 soles,,,
cortina baño poly arroba azul de la marca orange del area de baños para los organizacion de baño de la linea cortinas de baño de procedencia importado al precio de 33.9 soles,,,
"bonn tráfico wb tráfico base agua blanco de la marca bonn del area de pinturas para los esmaltes, barnices y solventes de la linea esmaltes y oleos de procedencia nacional al precio de 360.0 soles",,,
maceta durakotta rectangular # 30 con base/sujetador de la marca reyplast del area de jardin para los deco jardin de la linea macetas de procedencia nacional al precio de 27.9 soles,,,
llave lavad mueble clas avante pico b de la marca vainsa del area de cocina para los griferia de cocina de la linea llaves lavad de procedencia nacional al precio de 24.9 soles,,,
aspiradora junior 1216 de la marca thomas del area de electro hogar para los equipos de limpieza de la linea aspiradoras y lustradoras de procedencia nacional al precio de 599.0 soles,,,
laqueado de puertas de la marca sm del area de servicios para los servicios tienda de la linea servicios instalacion - tienda de procedencia nacional al precio de 200.0 soles,,,
piso 60x60 cemento blanco 1.44m2 gl de la marca gala del area de pisos y revestimientos para los pisos cementicio de la linea ceramico cementicio de procedencia nacional al precio de 47.33 soles,,,
mezc monoc lavat sabina alta de la marca fv del area de baños para los griferia de baño de la linea mezcl. lavat de procedencia nacional al precio de 342.0 soles,,,
spot dalila 1 luz e27 de la marca adway del area de iluminacion para los iluminacion decorativa de la linea barras/diseño de procedencia importado al precio de 29.0 soles,,,
"extensor telescopico de 4,20 mts de la marca sm del area de pinturas para los accesorios para pintar de la linea rodillos y bandejas de procedencia importado al precio de 72.9 soles",,,
"tiemme valvula esferica mistral pal/al/roja x1/2"" de la marca tiemme del area de gasfiteria para los accesorios de gasfiteria de la linea valvulas hidraulicas de procedencia nacional al precio de 10.0 soles",,,
celima piso marmoliz amara natural br 45x45 2.23m2 de la marca celima del area de pisos y revestimientos para los pisos marmolizados de la linea ceramicos marmolizados de procedencia nacional al precio de 20.0 soles,,,
tina 131x131cm esq prnces ng de la marca future marble del area de baños para los tinas e hidromasajes de la linea tinas de procedencia nacional al precio de 435.0 soles,,,
velador cali 1 cajon jacaranda de la marca orange del area de muebles para los dormitorios de la linea veladores rta de procedencia importado al precio de 140.0 soles,,,
curvas de 1.1/4 x 45° sin p agua de la marca tuboplast del area de gasfiteria para los tubos y conexiones de la linea acces y conec pvc ro de procedencia nacional al precio de 4.87 soles,,,
"pavco tubo sel liviano x 3 mt 3/4"" de la marca pavco del area de electricidad para los tuberias, canaletas y conexiones de la linea tuberia electric pvc de procedencia nacional al precio de 6.5 soles",,,
mesa tv ducale nogal negro de la marca pisopak del area de muebles para los audio y video de la linea mesas de tv/audio/video de procedencia nacional al precio de 209.9 soles,,,
petunia star & stripes de la marca sm del area de jardin para los plantas y semillas de la linea flores de estacion y aromaticas 1 de procedencia nacional al precio de 2.3 soles,,,
lavadero amazonas loza vitrificada de la marca trebol del area de cocina para los lavaderos de la linea lavaderos de lavandería de procedencia nacional al precio de 380.0 soles,,,
inst. vinilico y vinil zocalo ml de la marca sm del area de servicios para los servicios tienda de la linea servicios instalacion - tienda de procedencia nacional al precio de 6.0 soles,,,
dado torx hembra e20 enc 1/2 de la marca bahco del area de herramientas para los herramientas de mano de la linea alicates y herramientas de corte de procedencia nacional al precio de 42.9 soles,,,
s23 - interruptor simple blanco de la marca simon del area de electricidad para los interruptores y tomacorrientes de la linea placas armadas de procedencia nacional al precio de 1.0 soles,,,
i&o-felpudo marbella gris 40 x 60 cm. de la marca dpm del area de organizacion y decoracion para los cubrepisos y felpudos de la linea felpudos de procedencia nacional al precio de 10.0 soles,,,
arv difusor de varillas aroma te blanco 100 ml de la marca orange del area de baños para los organizacion de baño de la linea accesorios de organizacion de baño de procedencia importado al precio de 31.9 soles,,,
cable trenzado usb-a a usb-c - 2m negro de la marca maxell del area de electricidad para los tecnologia de la linea cables y cargadores de procedencia nacional al precio de 19.9 soles,,,
engrapadora/clavadora sharpshooter de la marca stanley del area de herramientas para los herramientas de mano de la linea engrapadoras y remachadoras de procedencia importado al precio de 169.0 soles,,,
espejo led zara 80x60cm de la marca orange del area de baños para los muebles de baño de la linea espejos led de procedencia nacional al precio de 245.0 soles,,,
kit recortador vello corporal 09865-2908 de la marca wahl del area de electro hogar para los electrodomesticos de la linea electro varios de procedencia nacional al precio de 199.9 soles,,,
foco led pack x2 e27 9w luz blanca de la marca philips del area de iluminacion para los focos de la linea bulbo leds de procedencia nacional al precio de 21.9 soles,,,
aire acondicionado portatil pc-44 16000 btu de la marca alfano del area de electro hogar para los climatizacion de la linea aires acondicionados de procedencia nacional al precio de 4612.0 soles,,,
masking profesional 2020 36mmx55m 3m de la marca scotch del area de pinturas para los pegamentos y adhesivos de la linea cintas adhesivas papel de procedencia nacional al precio de 19.9 soles,,,
lavadero inox. 116x50 cm. marea de la marca tramontina del area de cocina para los lavaderos de la linea lavaderos de acero inoxidable de procedencia nacional al precio de 1299.0 soles,,,
metallic - tomacorriente doble americano plateado de la marca orange del area de electricidad para los interruptores y tomacorrientes de la linea placas armadas de procedencia importado al precio de 1.0 soles,,,
dado   8mm   dh enc 1/2 de la marca bahco del area de herramientas para los herramientas de mano de la linea alicates y herramientas de corte de procedencia nacional al precio de 32.9 soles,,,
manguera extensible 15 mt con pistola de la marca orange del area de jardin para los mangueras y accesorios para riego de la linea mangueras armadas de procedencia importado al precio de 54.9 soles,,,
i&o-compresor aire full eq liv 120w-12v de la marca simoniz del area de herramientas para los automotriz de la linea accesorios y prod. de seguridad para el automovil de procedencia nacional al precio de 50.0 soles,,,
broadway mediana 32l  navidad rojo con tapa verde de la marca duraplast del area de organizacion y decoracion para los organizadores plasticos de la linea cajas plasticas (keepers) de procedencia nacional al precio de 10.0 soles,,,
frigobar inox 90l de la marca sole del area de electro hogar para los linea blanca de la linea refrigeradoras de procedencia nacional al precio de 749.0 soles,,,
calzado de seguridad modelo lady t36 de la marca werken del area de herramientas para los seguridad industrial de la linea calzado de seguridad de procedencia importado al precio de 74.9 soles,,,
cerradura digital ydr41 de la marca yale del area de ferreteria para los chapas y cerrajeria de la linea cerraduras digitales de procedencia nacional al precio de 1029.0 soles,,,
lija blue metal - tela esmeril/grano 100 de la marca bosch del area de pinturas para los accesorios para pintar de la linea lijas de procedencia nacional al precio de 1.0 soles,,,
porta electrodo 600amp stander de la marca standers del area de herramientas para los equipos para soldar de la linea maquinas de soldar y accesorios de procedencia nacional al precio de 12.9 soles,,,
"ups bv 800 va, sal univ, 230v de la marca apc del area de electricidad para los cables de la linea ups de procedencia nacional al precio de 368.0 soles",,,
lampara colgante valencia dorada 1 luz ***w de la marca everlux del area de iluminacion para los iluminacion decorativa de la linea colgantes clásicos de procedencia nacional al precio de 325.0 soles,,,
cb/n2xoh 0.6/1kv 3-1x35mm2 (01) ng/bl/ro de la marca indeco del area de electricidad para los cables de la linea cables especiales de procedencia nacional al precio de 78.0 soles,,,
basic - tomacorriente simple universal blanco de la marca orange del area de electricidad para los interruptores y tomacorrientes de la linea placas armadas de procedencia importado al precio de 8.5 soles,,,
niple de latón cuerda 1/4 npt de la marca truper del area de herramientas para los accesorios para herramientas electricas de la linea accesorios compresoras de procedencia nacional al precio de 1.9 soles,,,
aplique cortaderas  1x4.8w de la marca eglo del area de iluminacion para los iluminacion decorativa de la linea apliques de procedencia nacional al precio de 279.0 soles,,,
espejo almendra 50x120 de la marca orange del area de organizacion y decoracion para los decorativos de la linea espejos de procedencia importado al precio de 69.9 soles,,,
escalera telescopica fibra d vidrio 28pasos de la marca jumbor del area de materiales de construccion para los herramientas para construccion de la linea escaleras de procedencia importado al precio de 619.0 soles,,,
conector aereo luz t 15a 125v pvc de la marca leviton del area de electricidad para los interruptores y tomacorrientes de la linea enchufes/conectores de procedencia nacional al precio de 18.5 soles,,,
"broca para piedra 3/16"" de la marca kamasa del area de herramientas para los accesorios para herramientas electricas de la linea brocas de procedencia nacional al precio de 1.0 soles",,,
cinturon porta herramienta mod. cuadrado de la marca sm del area de herramientas para los seguridad industrial de la linea fajas y soportes especiales de procedencia nacional al precio de 28.9 soles,,,
barra fashion para baño ip44 3xg9 cromo de la marca orange del area de iluminacion para los iluminacion decorativa de la linea barras/diseño de procedencia importado al precio de 19.9 soles,,,
broca sds-max speed-x 28x600/720 de la marca bosch del area de herramientas para los accesorios para herramientas electricas de la linea cinceles y brocas de rotomartillo de procedencia nacional al precio de 437.9 soles,,,
aplique interior mariana de la marca orange del area de iluminacion para los iluminacion decorativa de la linea apliques de procedencia importado al precio de 50.9 soles,,,
espátula plegable pizza 64cm acero inoxidable de la marca naterial del area de aire libre y temporada para los parrillas de la linea accesorios parrillas de procedencia importado al precio de 20.0 soles,,,
cerrad. 10pines cil.70mm ac. inox ll-ll de la marca eurolocks del area de ferreteria para los chapas y cerrajeria de la linea trancas y multipuntos de procedencia nacional al precio de 275.2 soles,,,
silla de escritorio shiny eco negro alta de la marca bonno del area de muebles para los oficinas de la linea sillas/sillones giratorios de procedencia nacional al precio de 626.0 soles,,,
daewoo lavadora 15kg silver dwf-280gs de la marca daewoo del area de electro hogar para los linea blanca de la linea lavadoras / secadoras de procedencia nacional al precio de 1499.0 soles,,,
dispensador jabon estriado poliresina 230ml negro de la marca sm del area de baños para los organizacion de baño de la linea sets sobrepuestos de procedencia importado al precio de 31.9 soles,,,
vanitorio viena 50cm blanco de la marca orange del area de baños para los muebles de baño de la linea vanitorios de procedencia importado al precio de 299.0 soles,,,
tijera para uñas de la marca orange del area de baños para los organizacion de baño de la linea accesorios de organizacion de baño de procedencia nacional al precio de 5.0 soles,,,
base colonial de fierro 80cm de la marca ferro jardín del area de jardin para los deco jardin de la linea bases y adornos de procedencia nacional al precio de 67.9 soles,,,
aplique exterior torch gris de la marca orange del area de iluminacion para los iluminacion exterior de la linea apliques de exterior de procedencia importado al precio de 39.9 soles,,,
"abrazadera 1 1/2'' - 2 oreja 2mm de la marca jormen del area de electricidad para los tuberias, canaletas y conexiones de la linea caja/acces p/tuberia de procedencia nacional al precio de 2.3 soles",,,
pilas basic living aaa x 24 unidades de la marca sm del area de electricidad para los pilas y linternas de la linea pilas y baterias de procedencia importado al precio de 10.0 soles,,,
zocalo extra forte blanco08x45 de la marca san lorenzo del area de pisos y revestimientos para los decorados de la linea zocalos de procedencia nacional al precio de 3.01 soles,,,
cama super star 1.5 plz chocolate de la marca paraiso del area de muebles para los dormitorios de la linea camas y auxiliares de dormitorio de procedencia nacional al precio de 1106.0 soles,,,
sierra para metalmotosaw ms53 de la marca dremel del area de herramientas para los proyecto showroom de la linea herramientas multipropositos showroom de procedencia nacional al precio de 49.5 soles,,,
bestway flotador moscow mule 173x160cm 43249 de la marca bestway del area de jardin para los productos para piscinas de la linea flotadores y accesorios de procedencia nacional al precio de 78.9 soles,,,
cerradura baño bronce antiguo de la marca sm del area de ferreteria para los chapas y cerrajeria de la linea cerraduras cilin/tub de procedencia importado al precio de 9.9 soles,,,
interruptor termomagnetico 2x20a rd ge de la marca sm del area de electricidad para los tableros y llaves electricas de la linea interruptores termomagneticos de procedencia nacional al precio de 36.9 soles,,,
bateria 2ah   cargador de la marca dewalt del area de herramientas para los herramientas electricas inalambricas de la linea herramientas multipropositos inal de procedencia nacional al precio de 331.0 soles,,,
cola para madera pur 500 gr de la marca tekbond del area de pinturas para los pegamentos y adhesivos de la linea colas vinilicas de procedencia nacional al precio de 31.5 soles,,,
tirador roma aluminio 160mm de la marca rossela del area de ferreteria para los articulos para el mueblista de la linea tiradores de procedencia nacional al precio de 4.9 soles,,,
escalera telescopica aluminio 24pasos de la marca jumbor del area de materiales de construccion para los herramientas para construccion de la linea escaleras de procedencia importado al precio de 469.0 soles,,,
s220 - interruptor doble grafito de la marca simon del area de electricidad para los interruptores y tomacorrientes de la linea placas armadas de procedencia nacional al precio de 16.9 soles,,,
mueble de cocina nature champanhe 175cm de la marca casa mia del area de cocina para los muebles de cocina de la linea sets completos de procedencia importado al precio de 719.0 soles,,,
detergente 15 kg de la marca sapolio del area de limpieza para los detergentes  jabones y suavizantes de la linea detergentes en polvo de procedencia nacional al precio de 73.8 soles,,,
rack con brazo lcd-tv-23-70   cable hdmi de la marca prolink del area de organizacion y decoracion para los repisas y estanterias de la linea racks de audio y tv de procedencia nacional al precio de 99.9 soles,,,
ropero capri 6 puertas y dos cajonesalmendra de la marca orange del area de muebles para los dormitorios de la linea closets rta de procedencia importado al precio de 600.0 soles,,,
compresora 2hp -24lt con kit pintar campbell de la marca campbell hausfeld del area de herramientas para los herramientas electricas estacionarias de la linea compresoras de procedencia importado al precio de 199.0 soles,,,
parlante portatil t11 rosa de la marca somostel del area de electricidad para los tecnologia de la linea audifonos y mini speakers de procedencia importado al precio de 49.0 soles,,,
esmeril angular 20v max xr 4.5¿ sin bat de la marca dewalt del area de herramientas para los proyecto showroom de la linea amoladoras inal showroom de procedencia nacional al precio de 669.9 soles,,,
"sellador acrílico sinolac 4l de la marca sm del area de pinturas para los esmaltes, barnices y solventes de la linea anticorrosivos de procedencia nacional al precio de 30.58 soles",,,
satinado crema 1 gl de la marca cpp del area de pinturas para los pinturas al latex de la linea latex premium de procedencia nacional al precio de 99.0 soles,,,
"reducción bushing 3/4"" a 1/2"" agua calien cpvc fgg de la marca flowguard gold del area de gasfiteria para los tubos y conexiones de la linea acces y conec cpvc de procedencia nacional al precio de 0.9 soles",,,
rheem terma a gas 21l tf gn prestige gris de la marca rheem del area de baños para los termas y calentadores de la linea calentadores a gas - gn de procedencia nacional al precio de 2399.0 soles,,,
cama boxet pocket max queen champagne de la marca paraiso del area de muebles para los dormitorios de la linea colchones de procedencia nacional al precio de 3499.0 soles,,,
llanta 185/70r13 direction touring 2 86t de la marca goodyear del area de herramientas para los automotriz de la linea llantas de procedencia nacional al precio de 197.9 soles,,,
cama rectangular 60x45cm para perro gato azul de la marca sashija del area de jardin para los deco jardin de la linea accesorios de mascotas de procedencia nacional al precio de 81.48 soles,,,
"union sap 2"" de la marca nicoll del area de electricidad para los tuberias, canaletas y conexiones de la linea conexiones pvc de procedencia nacional al precio de 7.0 soles",,,
megacaja n° 200 negra con rueda con tapa negra de la marca polinplast del area de organizacion y decoracion para los organizadores plasticos de la linea cajas plasticas (keepers) de procedencia nacional al precio de 109.9 soles,,,
"disco flap gr60 supra 7"" 180x22 plano de la marca klingspor del area de herramientas para los accesorios para herramientas electricas de la linea discos de desbaste de procedencia nacional al precio de 5.0 soles",,,
"03 tenedor de mesa mod.460 de la marca facusa del area de cocina para los menaje de la linea utensilios, cuchillos,cubiertos y reposteria de procedencia nacional al precio de 3.9 soles",,,
zocalo life grey 46 x 7.5 cm de la marca kantu del area de pisos y revestimientos para los decorados de la linea zocalos de procedencia nacional al precio de 1.0 soles,,,
ac split 18000 btu inverter f/c negro de la marca orange del area de electro hogar para los climatizacion de la linea aires acondicionados de procedencia importado al precio de 1699.0 soles,,,
cable automotriz gpt 12 awg blanco de la marca pdic del area de electricidad para los cables de la linea conductores electric 1 de procedencia nacional al precio de 178.6 soles,,,
"banco de bar cairo blanco de la marca orange del area de muebles para los mesas, sillas y bancos de la linea bancos de bar de procedencia importado al precio de 120.0 soles",,,
jabonera tabaco de la marca orange del area de baños para los organizacion de baño de la linea sets sobrepuestos de procedencia importado al precio de 10.0 soles,,,
cesto de ropa baby zoo de la marca orange del area de baños para los organizacion de baño de la linea infantil de procedencia importado al precio de 1.0 soles,,,
badilejo punta cuadrada 180mm de la marca dexter del area de herramientas para los herramientas de mano de la linea espatulas de procedencia importado al precio de 21.9 soles,,,
"niple 3/4""x4"" galvanizado de la marca werken del area de gasfiteria para los tubos y conexiones de la linea acces y conec galvan de procedencia nacional al precio de 1.0 soles",,,
sonax shampoo xtreme 2 en 1 (1000ml) de la marca sonax del area de herramientas para los automotriz de la linea limpieza y aditivos de procedencia nacional al precio de 49.6 soles,,,
colgante carlton negro 1x60w de la marca eglo del area de iluminacion para los iluminacion decorativa de la linea colgantes trendy de procedencia nacional al precio de 249.0 soles,,,
"grillete para cadena 3/8"" de la marca werken del area de ferreteria para los amarres y mallas de la linea accesori cab/cad/sog de procedencia nacional al precio de 7.4 soles",,,
calzado seguridad access talla 39 de la marca bata del area de herramientas para los seguridad industrial de la linea calzado de seguridad de procedencia nacional al precio de 369.0 soles,,,
matte - tomacorriente doble universal lt usb c 15w de la marca orange del area de electricidad para los interruptores y tomacorrientes de la linea placas armadas de procedencia importado al precio de 49.9 soles,,,
repisa de baño esquinera con vidrio transp. 25x25cm de la marca zaga del area de baños para los organizacion de baño de la linea repisas de baño de procedencia nacional al precio de 29.6 soles,,,
taper hermético rectangular 1 lt de la marca reyplast del area de cocina para los menaje de la linea organizacion y contenedores de procedencia nacional al precio de 8.9 soles,,,
taper lok it snack de la marca polinplast del area de cocina para los menaje de la linea organizacion y contenedores de procedencia nacional al precio de 5.9 soles,,,
"cortora de mármol base ruedas 4 3/8"" 1400w de la marca makita del area de herramientas para los herramientas electricas estacionarias de la linea tronzadoras y esmeriles de procedencia nacional al precio de 1999.0 soles",,,
canastilla karola mediana con  asa de la marca rey del area de baños para los organizacion de baño de la linea accesorios de organizacion de baño de procedencia nacional al precio de 9.9 soles,,,
foco led 30w 100-240v blanco 2700lm 7200k e27 de la marca opalux del area de iluminacion para los focos de la linea bulbo leds de procedencia nacional al precio de 22.9 soles,,,
rl cable gpt 12 awg marron de la marca indeco del area de electricidad para los cables de la linea conductores electric 1 de procedencia nacional al precio de 165.0 soles,,,
"bushing 3/4"" a 1/2"" galvanizado werken de la marca magnum del area de gasfiteria para los tubos y conexiones de la linea acces y conec galvan de procedencia nacional al precio de 4.7 soles",,,
taladro percutor 12v 10mm 1 bat de la marca milwaukee del area de herramientas para los herramientas electricas inalambricas de la linea taladros percusión inal de procedencia importado al precio de 359.9 soles,,,
mz lavad mueble bavaro de la marca italgrif del area de cocina para los griferia de cocina de la linea mezcl. lavad de procedencia nacional al precio de 107.0 soles,,,
"rachet pulido 1/2"" con desconectador rápido de la marca stanley del area de herramientas para los herramientas de mano de la linea dados y ratchets de procedencia importado al precio de 59.9 soles",,,
mezcladora concreto 11p3 mot/honda 13hp de la marca power force del area de herramientas para los maquinaria de construccion de la linea mezcladores y vibradores de procedencia nacional al precio de 2999.0 soles,,,
profiline cut max  1lt de la marca sonax del area de herramientas para los automotriz de la linea limpieza y aditivos de procedencia nacional al precio de 239.9 soles,,,
lg equipo de sonido bluetooth xboom rnc5 de la marca lg del area de electricidad para los tecnologia de la linea electronica  de procedencia nacional al precio de 1049.0 soles,,,
lámpara de mesa villabate1 1x25w de la marca eglo del area de iluminacion para los iluminacion decorativa de la linea lamparas de mesa de procedencia nacional al precio de 139.0 soles,,,
llavero linterna abridor led cr2032 (3v) de la marca werken del area de electricidad para los pilas y linternas de la linea linternas de procedencia importado al precio de 3.6 soles,,,
"pintura para trafico blanca de la marca bonn del area de pinturas para los esmaltes, barnices y solventes de la linea esmaltes y oleos de procedencia nacional al precio de 97.0 soles",,,
termo decora 1.8l -verde de la marca basa del area de cocina para los menaje de la linea hidratacion de procedencia nacional al precio de 58.9 soles,,,
set x 10 colgadores de gamuza burgundy de la marca orange del area de organizacion y decoracion para los organizadores de ropa de la linea colgadores de ropa de procedencia importado al precio de 1.0 soles,,,
cloro granulado 4 kg de la marca pluschlor del area de jardin para los productos para piscinas de la linea cloro de procedencia nacional al precio de 125.9 soles,,,
reflector bellalux 100w/765 de la marca ledvance del area de iluminacion para los iluminacion exterior de la linea reflectores de procedencia nacional al precio de 159.9 soles,,,
pistola silicona te-sg 18/10 li - solo de la marca einhell del area de herramientas para los proyecto showroom de la linea herramientas multipropositos inal showroom de procedencia importado al precio de 399.0 soles,,,
tanque rapid jet plus blanco de la marca trebol del area de baños para los sanitarios de la linea 2 piezas de procedencia nacional al precio de 75.5 soles,,,
refrigeradora nf rmp365fypu 360l inox de la marca mabe del area de electro hogar para los linea blanca de la linea refrigeradoras de procedencia nacional al precio de 2999.0 soles,,,
"licuadora silver  700w, blst4655-053  de la marca oster del area de electro hogar para los electrodomesticos de la linea pequeños electrodomesticos de procedencia nacional al precio de 399.0 soles",,,
mobil delvac mx esp v2 15w-40 1l de la marca mobil del area de herramientas para los automotriz de la linea limpieza y aditivos de procedencia nacional al precio de 1.0 soles,,,
colchon esmirna king de la marca el cisne del area de muebles para los dormitorios de la linea colchones de procedencia nacional al precio de 1899.0 soles,,,
mesa de centro 2 niveles niza otoño de la marca orange del area de tendencias para los colecciones de la linea decoracion de procedencia importado al precio de 99.9 soles,,,
chinches plasticos colores x 30und de la marca zender del area de ferreteria para los productos de fijacion de la linea fijaciones especiales de procedencia nacional al precio de 6.3 soles,,,
colgante montefio plata de la marca eglo del area de iluminacion para los iluminacion decorativa de la linea colgantes trendy de procedencia nacional al precio de 529.0 soles,,,
bateria premium libre mant.12n7-3b de la marca zero del area de herramientas para los automotriz de la linea baterias 2 de procedencia nacional al precio de 110.0 soles,,,
broca sds-plus 1/2x10x12 de la marca dewalt del area de herramientas para los accesorios para herramientas electricas de la linea cinceles y brocas de rotomartillo de procedencia nacional al precio de 26.9 soles,,,
moldura marbella 6.5x6.5cm x1m 2und de la marca etsadeco del area de materiales de construccion para los drywall de la linea poliestireno expandido de procedencia nacional al precio de 79.9 soles,,,
paño microfibra scoth brite x4 unid de la marca scotch del area de limpieza para los herramientas para pisos y superficies de la linea paños multiusos de procedencia nacional al precio de 16.9 soles,,,
i&o-off baby repelente de insectos en crema 90g de la marca off del area de jardin para los fertilizantes e insecticidas de la linea insecticidas domesticos de procedencia nacional al precio de 20.3 soles,,,
puerta cortafuego  100x210 derecha de la marca padilla del area de ferreteria para los puertas de exterior de la linea metalicas de procedencia nacional al precio de 1700.0 soles,,,
triplay tipo capinuri 4mm 1.22x2.44m de la marca sumec del area de materiales de construccion para los tableros estructurales de la linea triplay decorativo de procedencia importado al precio de 34.9 soles,,,
"malla cuadrada galvanizada 1/2""x0.9mx30m de la marca werken del area de ferreteria para los amarres y mallas de la linea mallas metalicas de procedencia importado al precio de 80.0 soles",,,
vainsa martini gold mate mezcl monoc alta de la marca vainsa del area de baños para los griferia de baño de la linea mezcl. lavat de procedencia nacional al precio de 1258.0 soles,,,
"cocina 30""pro 7100 inox de la marca bosch del area de electro hogar para los linea blanca de la linea cocinas de pie de procedencia nacional al precio de 1699.0 soles",,,
"canto mel. fintop 0,035 piedra canteria liso de la marca sm del area de cocina para los muebles de cocina de la linea tableros posformados de procedencia importado al precio de 0.5 soles",,,
set melamine con cub granja de zenon de la marca scool del area de cocina para los menaje de la linea menaje infantil de procedencia nacional al precio de 10.0 soles,,,
mopa completo giratorio 80 cm de la marca calisa del area de limpieza para los herramientas para pisos y superficies de la linea mopas y traperos de procedencia nacional al precio de 49.9 soles,,,
espejo led sofia de la marca zaga del area de baños para los muebles de baño de la linea espejos led de procedencia nacional al precio de 200.0 soles,,,
matte - interruptor   tomacorriente terra de la marca orange del area de electricidad para los interruptores y tomacorrientes de la linea placas armadas de procedencia importado al precio de 10.9 soles,,,
termo bomba acero inox 3 lt de la marca record del area de cocina para los menaje de la linea termos de procedencia nacional al precio de 135.9 soles,,,
inst. y arm. de proyecto de cocina (ml) incosur de la marca sm del area de servicios para los servicios tienda de la linea servicios instalacion - tienda de procedencia nacional al precio de 50.0 soles,,,
cerrojo simple acero acero inox. werken de la marca sm del area de ferreteria para los chapas y cerrajeria de la linea cerraduras cilin/tub de procedencia importado al precio de 32.5 soles,,,
zebra 20 2.0x8 pl de la marca paraiso del area de muebles para los dormitorios de la linea colchones de procedencia nacional al precio de 545.0 soles,,,
señal pozo a tierra con base20 x 30cm de la marca sm del area de herramientas para los seguridad industrial de la linea señales de seguridad de procedencia nacional al precio de 5.99 soles,,,
asiento ultraflux con tapa blanco de la marca vainsa del area de baños para los sanitarios de la linea institucionales de procedencia nacional al precio de 39.9 soles,,,
calentador a gas flaming 6l gn de la marca rotoplas del area de baños para los termas y calentadores de la linea calentadores a gas - gn de procedencia nacional al precio de 529.0 soles,,,
dimmer resistivo 40w/600w m. plus mink de la marca bticino del area de electricidad para los interruptores y tomacorrientes de la linea placas armadas de procedencia nacional al precio de 71.2 soles,,,
clavadora inalambrica 18v 2 bat 3ah dst221rfe de la marca makita del area de herramientas para los herramientas electricas inalambricas de la linea herramientas multipropositos inal de procedencia nacional al precio de 2499.0 soles,,,
"tubo abasto para lavatorio 1/2""*100cm a-inox de la marca coflex del area de gasfiteria para los accesorios sanitarios de la linea tubos de abasto de procedencia nacional al precio de 42.9 soles",,,
lavadora dwf-145gmg 14.5 kg de la marca daewoo del area de electro hogar para los linea blanca de la linea lavadoras / secadoras de procedencia nacional al precio de 999.0 soles,,,
spot redondo gu10 blanco 8.4 cm hermetico ip65 de la marca lightech del area de iluminacion para los iluminacion funcional de la linea spots dicroicos de procedencia nacional al precio de 20.0 soles,,,
destorn aisl pta phillips 1000v ph2 de la marca bahco del area de herramientas para los herramientas de mano de la linea alicates y herramientas de corte de procedencia nacional al precio de 29.9 soles,,,
"sds plus-5x 22.2mm - 7/8""x8""x10"" de la marca bosch del area de herramientas para los accesorios para herramientas electricas de la linea brocas de procedencia nacional al precio de 159.0 soles",,,
tirador pvc zamak carro de la marca sm del area de ferreteria para los articulos para el mueblista de la linea tiradores de procedencia nacional al precio de 2.9 soles,,,
planner semanal tiza y corcho 40x60 de la marca orange del area de organizacion y decoracion para los oficinas de la linea pizarras de procedencia importado al precio de 56.9 soles,,,
jabón líquido avena 4 lt de la marca moncler del area de limpieza para los dispensadores y recargas de la linea recargas de jabon y antibacteriales de procedencia nacional al precio de 42.1 soles,,,
"tubo de abasto vinil 1/2"" m x 7/8"" amx35 cm inod de la marca coflex del area de gasfiteria para los accesorios sanitarios de la linea tubos de abasto de procedencia nacional al precio de 0.1 soles",,,
i&o-glade aereosol merry berry 400ml de la marca glade del area de limpieza para los limpiadores y desinfectantes de la linea ambientadores y desinfectantes del ambiente de procedencia nacional al precio de 11.4 soles,,,
pilar ranurado simple 0.50 aluminio de la marca prat-k del area de organizacion y decoracion para los repisas y estanterias de la linea pilares de procedencia importado al precio de 9.9 soles,,,
tab melamina negro 18mm 7x8 de la marca vesto del area de ferreteria para los tableros aglomerados de la linea melamina de procedencia nacional al precio de 244.0 soles,,,
silla jade plegable para adulto trend de la marca orange del area de tendencias para los i&o de la linea decoracion i&o de procedencia importado al precio de 34.9 soles,,,
"taladro percutor 1/2"" 18v lxt 1.5ah de la marca makita del area de herramientas para los herramientas electricas inalambricas de la linea taladros percusión inal de procedencia nacional al precio de 349.0 soles",,,
gpt-3 8 awg 300 v azul-r100 de la marca celsa del area de electricidad para los cables de la linea conductores electric 1 de procedencia nacional al precio de 522.16 soles,,,
tallo de clavel flores de la marca atmosphera del area de jardin para los deco jardin de la linea flores artificiales sueltas de procedencia importado al precio de 12.9 soles,,,
casco estilo v con ventilación blanco de la marca werken del area de herramientas para los seguridad industrial de la linea cascos de procedencia importado al precio de 30.9 soles,,,
"ac split pared r410a 24,000 btu/h de la marca york del area de electro hogar para los climatizacion de la linea aires acondicionados de procedencia nacional al precio de 4499.0 soles",,,
desarmardor plano 3.5*80mm de la marca dexter del area de herramientas para los herramientas de mano de la linea desarmadores de procedencia importado al precio de 8.9 soles,,,
monocomando al mueble icc 915 white de la marca teka del area de cocina para los griferia de cocina de la linea mezcl. lavad de procedencia nacional al precio de 1332.0 soles,,,
individual polialgodon d38cm cuentos de navidad de la marca orange del area de tendencias para los navidad de la linea menaje navidad de procedencia importado al precio de 29.9 soles,,,
llave fija 16-17 mm de la marca bahco del area de herramientas para los herramientas de mano de la linea alicates y herramientas de corte de procedencia nacional al precio de 62.9 soles,,,
"sumidero 4"" redondo a-inox de la marca vainsa del area de gasfiteria para los accesorios de gasfiteria de la linea registros y sumideros de procedencia nacional al precio de 105.0 soles",,,
anillo 160mm alcantarillado desagüe de la marca nicoll del area de gasfiteria para los tubos y conexiones de la linea acces y conec pvc des de procedencia nacional al precio de 12.0 soles,,,
fulmi marron cal.22 x100u powerful de la marca werken del area de ferreteria para los productos de fijacion de la linea fijaciones p/ drywal-percep de procedencia nacional al precio de 25.0 soles,,,
inst y prod- soporte de condensador de la marca sm del area de servicios para los servicios tienda de la linea servicios instalacion - tienda de procedencia nacional al precio de 130.0 soles,,,
paño atrapa polvo 20x21 cm. x 60 unid de la marca house solutions del area de limpieza para los herramientas para pisos y superficies de la linea paños multiusos de procedencia nacional al precio de 10.7 soles,,,
taco amarillo intenso cc08 piso 30x15 de la marca kantu del area de pisos y revestimientos para los decorados de la linea listelos de procedencia nacional al precio de 459.0 soles,,,
bulbo led e27 10w lc de la marca orange del area de iluminacion para los focos de la linea bulbo leds de procedencia importado al precio de 6.9 soles,,,
tanque biodigestor 600 lt   kit d acc de la marca rotoplas del area de gasfiteria para los tanques de agua de la linea biodigestores de procedencia nacional al precio de 1149.0 soles,,,
aspiradora 700w eco motor silencioso mod. ia700eco de la marca imaco del area de electro hogar para los equipos de limpieza de la linea aspiradoras y lustradoras de procedencia nacional al precio de 499.0 soles,,,
"master caja china mediana   parrilla de la marca meat master del area de aire libre y temporada para los parrillas de la linea cajas chinas,cilindros,otros de procedencia nacional al precio de 569.0 soles",,,
cartel princess on board de la marca safety 1st del area de organizacion y decoracion para los decorativos de la linea decopared de procedencia importado al precio de 15.9 soles,,,
dado impacto 19mm    hex enc 3/4 de la marca bahco del area de herramientas para los herramientas de mano de la linea alicates y herramientas de corte de procedencia nacional al precio de 86.9 soles,,,
dado destorn. torx t25 enc 1/2 de la marca bahco del area de herramientas para los herramientas de mano de la linea alicates y herramientas de corte de procedencia nacional al precio de 48.9 soles,,,
llave hexagonal pavonada larga 4mm de la marca bahco del area de herramientas para los herramientas de mano de la linea alicates y herramientas de corte de procedencia nacional al precio de 8.9 soles,,,
i&o-super kit auto lavado eco-full de la marca sm del area de herramientas para los automotriz de la linea limpieza y aditivos de procedencia nacional al precio de 20.0 soles,,,
list. grigio de la marca kantu del area de pisos y revestimientos para los decorados de la linea listelos de procedencia nacional al precio de 11.9 soles,,,
cb/thw-90 p est 450/750v 12 awg rojo carrete 300m de la marca indeco del area de electricidad para los cables de la linea cables por metro de procedencia nacional al precio de 5.0 soles,,,
(ve)ladrillo king kong 18 hcs 9x23x12.5piramide de la marca pirámide del area de materiales de construccion para los ladrillos y bloques de la linea ladrillos a obra de procedencia nacional al precio de 999.0 soles,,,
zocalo porcelanato esmaltado line stone 7.3x60 de la marca kantu del area de pisos y revestimientos para los decorados de la linea zocalos de procedencia nacional al precio de 1.0 soles,,,
"pergola negra 2.9 x 2.9 mt de la marca sm del area de aire libre y temporada para los toldos,sombrillas y pergolas de la linea pergolas de procedencia importado al precio de 436.0 soles",,,
"caja condulet tipo ll 3/4"" form 35 aluminio de la marca navia del area de electricidad para los tuberias, canaletas y conexiones de la linea caja/acces p/tuberia de procedencia nacional al precio de 16.3 soles",,,
"sierra circular 9 1/4"" n5900b de la marca makita del area de herramientas para los herramientas electricas portatiles de la linea sierras caladoras y circulares de procedencia nacional al precio de 999.0 soles",,,
marfil 4 lt de la marca duralatex del area de pinturas para los pinturas al latex de la linea latex medio de procedencia nacional al precio de 4.9 soles,,,
